0,model/RBS-317-EnsembleNet-M.pth,model/RBS-317-MobileNet_triplet.pth,model/RBS-317-MobileNet_dimer.pth
AAAAAAATGAAGAAGGGGTGGGTAATTCAA,26.513017654418945,40.19163131713867,12.924736976623535
AAAAATTTAAAAAAAGGGTGGGAAATTCAA,57.926307678222656,30.092727661132812,9.43664264678955
AAAATATAAAAAACATGATGGGAAATAACA,35.47630310058594,30.16549301147461,5.002055644989014
AAAATATTAAAAACATGATGGGTAATAACA,35.73835372924805,24.09322166442871,11.811304092407227
AAATAATATTTGGAGAGAGGGGAAACCTAA,36.027076721191406,41.40554428100586,47.85128402709961
AAATAATTGAAAATAAAGGGGTATTCAGTA,31.27540397644043,18.174402236938477,7.936620712280273
AAATAAGCGAATATGAGAGGGTAATCGAAA,35.38506317138672,16.491180419921875,29.589614868164062
AAATAAGCGAATATGAGGGGGTAATCAATA,33.36582565307617,18.764225006103516,32.99760818481445
AAATATTGATCTAAGAAGGGGTAATAAGAA,42.7894287109375,26.980825424194336,18.544647216796875
AAATTTACAAATAACAAGAGGAGAATAGGA,36.501258850097656,52.269474029541016,3.745868682861328
AAATTTACAAATAACAAGAGGTGAATTATA,35.4456787109375,41.03804397583008,7.74472713470459
AAATGATAATTTAAGGGGGGGTTAAAAGAA,57.11370086669922,21.962257385253906,9.131972312927246
AAACAATATTTGGAGAGAGGGGAAACCTAA,36.89154052734375,44.617549896240234,4.9232497215271
AAACAATTTACCTATAGGGAGATAAAAAAA,37.92036437988281,12.887735366821289,20.887653350830078
AAACACTGTAATGAAAAAGGAGGATTAACA,76.31173706054688,45.97880935668945,291.86224365234375
AAACACGATATAGGAAGGAGGGTAAAAAAA,37.55018997192383,56.335357666015625,42.300933837890625
AAACTTTCTATAGAGGAGAGGGGGTCAACA,41.11615753173828,67.30699920654297,74.0943374633789
AAAGTAAGTAAGTAGTGGGGGGGAAGAAGA,36.833587646484375,8.173871040344238,103.99126434326172
AAAGTTGTGAAATTAAGGGGGTAAAAATAA,41.70201873779297,34.961769104003906,33.815067291259766
AAAGGATAGTATGAAAGGGGGAAAAAATAA,36.50584030151367,42.34723663330078,16.820066452026367
AATAAAATTAGAAAGTAGAGGTTATGGACA,32.82847595214844,19.11823081970215,11.427579879760742
AATAAATAAAAATGGATAGGAGGTTTGACA,35.717342376708984,14.310240745544434,130.68565368652344
AATATAGAAAAGGAAATGGGAAGAATGGTA,36.881492614746094,25.580455780029297,3.659308671951294
AATATAGAAAAGGAAATGGGAAGAGAATAA,36.979270935058594,23.326961517333984,3.6552340984344482
AATTATAATAGGGGAAAGAGGGAGATGGTA,37.318031311035156,30.48814582824707,4.031389236450195
AATTATAATAGGGGAAAGAGGGAGGAATAA,37.175987243652344,8.343696594238281,4.996621608734131
AATTATATTCAGAGAAAGAGGGAGACATCA,35.98048782348633,29.36335563659668,8.37255573272705
AATTATATTCAGAGAAAGAGGGAGACCATA,36.21611022949219,31.067996978759766,7.057821750640869
AATTATATTCAGAGAAAGAGGGAGAGATCA,34.266090393066406,23.639415740966797,3.30354905128479
AATCTTAACATATAAAGGGAAGAGTAAACA,38.225284576416016,43.294681549072266,47.282283782958984
AATCTTAACATATAAAGGGGAGAGACGATA,77.25579833984375,45.89756774902344,75.98568725585938
AATCTTAACATATAAAGGGGGGAGACGATA,54.72716522216797,43.81459045410156,75.02310943603516
AATCTTAAGAGGAAAAGGGGAAAATAGATA,37.29926300048828,54.62750244140625,21.707927703857422
AATCTTTTACTATAGAAGGGGGAGACGATA,42.04198455810547,56.730430603027344,73.36437225341797
AATCGTAGTAAGAATAAAGGGAGATAATAA,39.89636993408203,37.58130645751953,40.15708923339844
AATCGTAGTAAGAATAAAGGGAGACGTATA,37.78619384765625,75.53910827636719,27.99859619140625
AATGTTAACATATAAAGGGGAGGACGTATA,36.88899612426758,10.716264724731445,93.56690979003906
AATGTGAACATATAAAGGGGAGGATAATAA,41.883628845214844,76.55799865722656,79.99163818359375
AATGCAAGAGTAAATAAAGGGTAGATAATA,36.852603912353516,175.15444946289062,77.9972152709961
AATGCTAATTCAGAAGGGGGGGGGAATTAA,59.48411560058594,16.051082611083984,65.64925384521484
AATGGAATAAAGTAAAAAGGGGGGAATTAA,35.13182830810547,11.17776870727539,5.1207146644592285
AATGGAATAAAGTAAAAAGGGGGGAACTAA,31.546064376831055,20.51976776123047,4.092660903930664
AATGGTTAATAAAAGAAGAGGAGAAAATCA,45.797889709472656,28.764759063720703,17.818958282470703
AATGGTTAATAAAAGAAGAGGGAATAATCA,57.99095153808594,19.811792373657227,20.394515991210938
AATGGTTAATAAAAGAAGAGGGAATTGACA,59.45384979248047,9.497146606445312,9.342819213867188
AATGGTGAATAAAAGAAGAGGAGAATGACA,36.58586120605469,37.58054733276367,6.233395576477051
AACAAAAAAAATAAGGGTGGGAGATATATA,37.16119384765625,42.811058044433594,12.023107528686523
AACTATAATAAAAATAAAGGGGACTCAAAA,48.84966278076172,37.13471984863281,28.507957458496094
AACTTTAAAAAAAGGAGGAGGAAAGACACA,37.1802864074707,39.16770935058594,22.168277740478516
AACTTCAAAAAAAGGAGGAGGAAAGACTAA,37.71824645996094,34.89561462402344,9.912209510803223
AACGAAAATTAAAAAAAGGGGAGATATACA,41.069793701171875,51.533470153808594,2.7650580406188965
AACGAAAATTAATAAGGGGCGAAGTATATA,84.01375579833984,10.178903579711914,136.42320251464844
AACGAAAATTCAAAAAAGGGGAGATATTAA,40.79268264770508,34.3154296875,23.37033462524414
AAGATTATTATCGAAAGGGGGGAGGAAATT,37.0970573425293,33.96949768066406,36.63200378417969
AAGATTCCAAATAAAAGGGGAGAGAAAATT,40.352813720703125,53.1281623840332,55.60969161987305
AAGATTCGAAATAAAAGGGGAGAGAAAATG,43.558650970458984,38.922672271728516,51.91676712036133
AAGATTCGAAATAAAAGGGGAGAGAAATAG,45.56217956542969,39.25105285644531,52.518001556396484
AAGATCTCATAAAAAAAGGGGAAAAAAATG,39.93763732910156,26.901350021362305,17.230960845947266
AAGATCTCATAAAAAAAGGGGAAAAAATAG,39.10328674316406,32.1146125793457,17.66279411315918
AAGATCTCATAAAAAAAGGGGAGAAAATAG,40.019920349121094,39.18316650390625,6.943979740142822
AAGTAAACATTAATAGAGGGGTATTAAGTA,148.66209411621094,37.17071533203125,62.321693420410156
AAGTTAAATCAAAGAATGGGGGAAGGAGAA,35.711639404296875,37.18828201293945,28.653728485107422
AAGTGAATCAGTAAAGGGGGGAGAAAAACA,41.01190948486328,29.99655532836914,10.248979568481445
AAGTGGATAGTAAAATGGGGGTAGAAAACA,32.18318557739258,29.596067428588867,30.720481872558594
AAGGATAAAAACATAAAAGGGAAAACCACA,35.375343322753906,52.053340911865234,9.439844131469727
AAGGACAAATATAAATGGGGGTAGAAAACA,87.74620819091797,50.650123596191406,57.88988494873047
ATAAAAGAATATTATAAAGGGAGATATTCA,36.35868453979492,10.584693908691406,6.1878767013549805
ATAAACTATTAAATTAAGGGAGTTTAAAGA,53.4215087890625,40.775177001953125,19.298633575439453
ATAATAGTCTACAAGGAGGGAGATTTAAAA,176.6981201171875,27.378808975219727,51.452186584472656
ATAATCTCATAATATAAGGGGGAATAATAA,141.58212280273438,39.287376403808594,35.07933044433594
ATAACCACATTAAAAAAGGGGGATGAGACA,93.4135513305664,38.13775634765625,18.092906951904297
ATAACCACATTAGAAAAGGGGGTTTAAACA,36.908203125,30.65399169921875,19.409679412841797
ATAAGAGAAATTAAAAGGGGGGGCACATTA,27.706457138061523,22.932132720947266,7.519890308380127
ATATAAATTACGATGAAGGGGGATTCATAA,30.821016311645508,28.379077911376953,61.455684661865234
ATATAAATTCAAAATTAGGAGGGGATGGCA,32.18476486206055,58.042640686035156,9.112902641296387
ATATAAATTCAATAAGAAAGGGGATTGCCA,34.73664855957031,46.193336486816406,78.17550659179688
ATATAATTATTAAATTAGGAGGGGATAGCA,246.39671325683594,5.8415727615356445,46.867313385009766
ATATAATTATTATAAGAAAGGGGATTGCCA,34.52654266357422,11.93064022064209,75.7596435546875
ATATTTAAGAAACATAGGGGATAGATTATA,35.95471954345703,29.22031593322754,58.19865798950195
ATATTTTAACTGGAAAGGGGGTAAATATGA,37.6154899597168,43.376121520996094,13.069588661193848
ATATGTTTTATAGAAGAGGGGCGGATATCA,39.31037521362305,12.343185424804688,92.80889892578125
ATATGGATATTCAGATAGGGGGTATAAACA,36.197566986083984,62.684410095214844,53.07754898071289
ATACTATCTATAAATAGGGAGATAAAAAAA,39.64773941040039,18.28230094909668,8.555194854736328
ATAGAAGAAGAGTAGAAGTGGGGAGAGAAA,38.183860778808594,19.097576141357422,36.22756576538086
ATAGAGGAAAGAAAAGGGAGAGTAAGAAAA,37.11331558227539,19.875938415527344,66.62593078613281
ATTAAATAAAGATTATGGGGGATTATAACA,34.390899658203125,12.344121932983398,26.376314163208008
ATTAAATAAAGATTATGGGGGAGTATATCA,26.80902671813965,12.970182418823242,20.639602661132812
ATTAATAGTATTAGAAAGGGGGGGTTATCA,33.98836135864258,12.61650562286377,7.780689716339111
ATTAATAGTATTAGAAAGGGGGGGTTAGAA,38.20878601074219,8.918313980102539,9.988369941711426
ATTAACTAATTCTGAAGGGGGGGGTAAGAA,33.83184814453125,44.46076202392578,12.739441871643066
ATTATATCAGAAATTAGGCGGGGGACTTAA,27.587751388549805,26.63027572631836,25.7235107421875
ATTATATCAGAAATTAGGGGGGGGACTTAA,27.687946319580078,34.498451232910156,23.33232879638672
ATTATAGAGGTAGATAGGGCGGGAATCTCA,36.67586135864258,26.86884307861328,12.311643600463867
ATTATAGAGGTAGATAGGGGGGGAATCTCA,37.77165985107422,20.1090087890625,11.699702262878418
ATTATTAAGAGAAGAAAGGGAGTATTATTA,36.48417282104492,13.00541877746582,28.132854461669922
ATTATCATACATAAGAAGGGAGGTTAAACA,36.42340087890625,46.7701416015625,5.337581634521484
ATTATCTTAAGATTTAGGGGGGGGTCAACA,30.004253387451172,50.891292572021484,9.190629959106445
ATTATCTTATAATTTAGGGGGGGGAATAAA,37.86467361450195,52.82447814941406,6.4627509117126465
ATTATCTTATAATTTAGGGGGGGGAATACA,37.75217056274414,52.101070404052734,6.361521244049072
ATTATCTCAGAAATTAGGGGGGGGATTTAA,27.275686264038086,58.719146728515625,35.22104263305664
ATTACTAATAAAGAGTAGGAGTGAAAGACA,34.964378356933594,13.54982852935791,21.370147705078125
ATTACTAATTAAAAAAAGGGCGGGTAAGAA,36.395729064941406,18.547359466552734,6.227279186248779
ATTTTTCTAATAAAGAAGGAAGTATTAATA,37.314815521240234,70.12198638916016,17.03722381591797
ATTTCTAAGATTAAAGAGGGAGGATAGTTA,36.611289978027344,39.642845153808594,58.17063522338867
ATTTCTAAGATTAAAGAGGGAGGATTGACA,35.94773864746094,28.560855865478516,64.82162475585938
ATTTCGATATCATAAAGGGAAGGATAGTTA,38.56957244873047,31.554594039916992,25.285432815551758
ATTTCGATATCATAAAGGGGAGGATTGACA,37.23265075683594,27.45785140991211,80.16140747070312
ATTTCGATATCATAAAGGGGAGGGTTTAAA,30.219131469726562,45.654380798339844,65.78582000732422
ATTCTAAACATATAAAAGGAAGTATTAATA,38.503746032714844,35.65068435668945,27.956676483154297
ATTCTTAAGGGAAAAAAGGGGGGATAGGTA,41.07219696044922,52.30540466308594,13.11361312866211
ATTGTTAAAAGAATGAGGGAGGTAATCTCA,35.501556396484375,29.023998260498047,27.160297393798828
ATTGTTAATATAAAAAAGGAGTAGGGCAAA,36.39158248901367,35.25611877441406,175.6625518798828
ATTGTTAATATATAAAAGGAGTAGGGCAAA,36.64695358276367,23.42961883544922,287.61260986328125
ATTGTCTTATAATATAGGGGGTGATTATTA,47.52540969848633,54.80525588989258,56.65465545654297
ATCATAGTATTTACTAGGGGGAGGATATAA,35.09075927734375,31.936098098754883,5.142954349517822
ATCTAGAATAAAAATAAAGGGGAGACATAA,39.0235595703125,34.210330963134766,81.20620727539062
ATCTTTTTATATACAAGGGGGGGGTTTACA,35.48484802246094,60.021514892578125,10.396672248840332
ATCCTATCAAAAGAAGAAGGGGAGAACATA,43.50859832763672,57.217498779296875,31.13901138305664
ATCCCTTATAGATAAAAGGAGGGAAAATCA,39.361839294433594,32.32882308959961,103.70646667480469
ATCGTATTAAAGAAAGAAGGGGGGAAGTTA,40.0533332824707,8.098409652709961,70.5283432006836
ATCGTTAAGAAAAATGGAGAGGGAAAAATA,41.07160949707031,31.874683380126953,2.0575852394104004
ATCGTTTCATGATAAAAGGACGGAAGAATA,39.49392318725586,49.47969436645508,163.8502655029297
ATGAAAATACAAAGGAAGGAGGAATTATGA,35.94829177856445,23.347301483154297,12.935077667236328
ATGAAAATACAAAGGAAGGAGGGATTTGCA,36.50811004638672,10.856034278869629,7.423471927642822
ATGAAAGTTGGAATAAAGGGGTAATTATGA,39.260250091552734,8.357592582702637,7.613851547241211
ATGAATAAATTTAAAAGGGGTGTGTAAACA,35.63202667236328,55.224395751953125,6.349225044250488
ATGAACTATGAAAATAAGAGGGTTTAAAGA,37.64002990722656,28.596782684326172,27.525232315063477
ATGATCTAATTAAAAAAAGGGAAGACAAAA,35.76205825805664,22.56417465209961,5.8911237716674805
ATGTAAAAAATTAAAAGGGGTGTTCTATGA,29.292325973510742,49.79801559448242,21.594438552856445
ATGTTTAAAAAGCAGAAGGGGGAAGAACCA,37.32201385498047,57.41994857788086,45.87857437133789
ATGTGCAGTAAAAAAAAGGGGGATATCTAA,46.40361022949219,38.14651870727539,29.857988357543945
ATGTGCAGTAAAAAAAAGGGGGGGATTCTA,42.08637619018555,38.71928787231445,12.180079460144043
ATGCAAAATAATAATGACGGGGATATCACA,62.11233901977539,38.2160758972168,71.268310546875
ATGCAAAATAATAATGAGGGGGATCTCTAA,91.5921859741211,32.332740783691406,81.99234008789062
ATGCAAAATAATAATGAGGGGGGGATTCTA,50.392940521240234,11.510520935058594,78.10433959960938
ATGGAACAAAGAATTAGGGAGGGATAAACA,40.414642333984375,67.61051940917969,4.4303669929504395
ATGGAACATAGAATTAGGGAGGGATAATAA,41.993629455566406,52.233402252197266,10.030936241149902
ATGGATAAAAGAATTAGGGAGGGATAAACA,37.4706916809082,43.43164825439453,11.266189575195312
ACAATCAATTAAAAGGGAGGGGAATCATGA,42.18465805053711,9.344389915466309,38.68449783325195
ACAACAGATAAAAAATAGGAGTGAAAGACA,36.11406707763672,28.084001541137695,4.569595813751221
ACAACAGACAAAAAATAGGAGTGAAAGACA,36.394676208496094,35.37993621826172,42.6688346862793
ACAACAGACAAAAAATAGGGGTGAAAGACA,35.804866790771484,38.708797454833984,32.73653793334961
ACAAGCATTCAAGGAAAGGGGGGGTTAATA,34.475624084472656,46.509910583496094,12.985164642333984
ACACCACACAAAAAATAGGGGTGAAAGACA,36.09637451171875,69.84822082519531,39.970149993896484
ACAGAACTTAAACATAAAGGGGAAAAATCA,185.2970733642578,17.143985748291016,74.50985717773438
ACAGAACTTAAACATAAAGGGGAAATCAAA,113.47280883789062,17.72956085205078,72.9829330444336
ACTAAAATAAAATATGGGGGGGAAAAATCA,216.36024475097656,11.236522674560547,57.91117477416992
ACTAAAATAAAATATGGGGGGGAAATCAAA,219.89707946777344,12.14245319366455,56.636966705322266
ACTCACATAGAAATAAGGGAGGGATTAAAA,40.55719757080078,15.728075981140137,11.538817405700684
ACTGTAATACTTATAAGGGGGGAAAAGTGA,36.03031921386719,49.66255187988281,33.150352478027344
ACGAAAGTCAACCAAAGGGAGGTTAAAACA,36.290008544921875,35.23723220825195,7.222995758056641
ACGATAAATAATGAGGAGGGGATATTATTA,87.36901092529297,12.827949523925781,59.094635009765625
AGAAATACTTAAAGGGAGGGGGTAGTCAGA,45.16419982910156,36.769378662109375,73.57211303710938
AGAATAACTTAATGGGAGGGGGTAGTCATA,34.72590255737305,24.910221099853516,40.96001052856445
AGAATTGCGAAAGAAAAGGGGGTGAAGGCA,38.24293518066406,36.77790451049805,23.02021026611328
AGAACAATTAAAATAAAAGGAGGGAGGGCA,101.6592788696289,17.892894744873047,215.61778259277344
AGAACAACTAAAATAAAAGGAGGGAGAAAA,119.85977172851562,40.343238830566406,75.2088851928711
AGATAAAATAAGAATGAGGGGGGTGGTGTA,45.2899169921875,37.84192657470703,74.90946197509766
AGATATACATGAAATGGGGGGAGTATTATA,46.97249984741211,25.509353637695312,50.37793731689453
AGATACAACATAAAAGGAGGGATTAACACA,38.684959411621094,10.31352424621582,46.50050735473633
AGATAGAAAGGAAATGGGGGGAGTATTATA,29.017223358154297,10.470913887023926,33.733646392822266
AGATCAAAAATAAATAGTGGGGGGTTCATA,43.83864974975586,52.720848083496094,238.53822326660156
AGATCAAAAAGAAATGGGGGGAGTAATTTA,38.4542350769043,6.437989711761475,54.96437454223633
AGACTAAGTAATAGGAGGGGGGGGATAGCA,49.60127258300781,26.79575538635254,128.56500244140625
AGTAAATAAATACTAAAAGGGGGAGAGAGA,36.37394332885742,26.072864532470703,11.768277168273926
AGTAAAGAAATACTAAAAGGGGGGAATAAA,36.057987213134766,17.881210327148438,20.429325103759766
AGTATAATGTATATAAGAGAGAGAAAGTAA,37.93273162841797,55.80821990966797,3.5667784214019775
AGTACAATTAAAATAAAAGGAAAATAAGGA,61.57891845703125,9.910120964050293,8.209550857543945
AGTTAAGTAATGGAGAAGGGAAGATTATCA,36.629817962646484,11.529142379760742,54.025970458984375
AGTCTTAACATATAAAAGGGAGAATGTATA,38.41021728515625,10.09914779663086,75.35492706298828
AGTGAAAAAGAAGAAAGGGGGTAGAAGTGA,53.40852737426758,29.33139991760254,62.259281158447266
AGTGAAAAAGAAGAAAGGGGGTAGTCGCAA,83.00836944580078,37.586944580078125,29.523954391479492
AGTGATAAATTAAAAGGGGGGTGAAAGTGA,48.7744140625,26.774511337280273,61.728885650634766
AGTGATAAATTAAAAGGGGGGTGATCGCAA,63.608463287353516,26.02933120727539,64.5240478515625
AGTGATAAATTAATGGGAGAGGGATAATCA,63.98021697998047,23.614795684814453,141.4197235107422
AGGATTGCGAAAGAAAAGGGGGTGAACAAA,38.90910339355469,44.05577087402344,6.638858318328857
AGGTTAAAAAAAAGAATGGGGGAAGGAGAA,36.62261199951172,12.22747802734375,6.936924457550049
AGGTTAGAAATTAAGAGGGGAAGGTTGAAA,43.38593673706055,11.892295837402344,48.31438446044922
TAAAAATTATGCAGAGAAGGGTTATGAAAA,34.219451904296875,36.29551696777344,7.207198143005371
TAAAAATGGCAAGTAGGAGAGGGATAATAA,37.469482421875,39.91246795654297,4.2309889793396
TAAAATTTGAAGAAGGGGTGGGTAATAGAA,32.11497497558594,29.868314743041992,12.505520820617676
TAAAAGAGTTAAATAGAAGGAGAAAATAGA,57.12739944458008,116.92239379882812,121.59590148925781
TAAATAAAGATGGAAGGCGGGGTAAGAGTA,37.467620849609375,13.811056137084961,37.451229095458984
TAAATAAAGATGGAAGGGGGGGTAAGCGGA,37.14422607421875,7.7743048667907715,6.721505641937256
TAAACGAAATATAGGAGAAGGGAAGGAAAA,36.054141998291016,30.737895965576172,36.95565414428711
TAAAGTTTTACAAGAGGTGGGGAAAAAATA,36.31550216674805,29.167057037353516,32.34140396118164
TAAAGCATTACAAGAGGTGGGGAAGAAATA,36.23661804199219,20.762004852294922,39.73162078857422
TAAAGCTATAGAAGAGGTGGGGAAGAAATA,36.91067123413086,14.3761625289917,21.468154907226562
TAATAAATTAAGATGAAAAGGAAGATTATA,28.972139358520508,32.94353485107422,67.89901733398438
TAATAATTAAACTAGTGGGGGATATTAATA,36.44102478027344,15.485902786254883,21.597570419311523
TAATAATTGAATACAAAGGGGTATTGACAA,32.069854736328125,46.95241165161133,6.258330345153809
TAATAACAATATAAGGGGGGGATATTAATA,71.27227783203125,13.786046028137207,19.87537384033203
TAATAAGAATCCAAGGGGGGGATATTAATA,36.75782012939453,12.37805461883545,28.20671844482422
TAATAAGAATGAAAGGGGGGGACATTAATA,37.64661407470703,11.781875610351562,38.38386154174805
TAATAAGTATACTAGTGGGGGATATTAATA,62.26087951660156,19.34769058227539,11.05778980255127
TAATATTTAAACTAGAGGGGGATATTAATA,48.68544006347656,41.503700256347656,13.672179222106934
TAATATTTAAAGAAGGGGGGGTTTAGGTTA,45.47987747192383,50.64325714111328,43.02853775024414
TAATATTTATAAAGGAAGGTGGTATTAGAA,35.44737243652344,13.080452919006348,9.177592277526855
TAATTATTAAAGAAGGGGGGGTTTAGGTTA,34.49152374267578,42.06062316894531,41.123722076416016
TAATTACTTTTAGAGGGGGGGGCGAGGTAA,111.27423095703125,64.1281509399414,100.82052612304688
TAATCATTAAATATAAAAAGGAATTCATTA,27.10875129699707,31.9886474609375,11.827605247497559
TAACAAACAATGAGAAGGGGGGTTTAAAGA,37.36304473876953,20.47618865966797,72.50276184082031
TAACAATCTAAAATAAAAAGGAAGATCATA,36.452266693115234,64.31153106689453,9.248919486999512
TAACATGGATATATGAAAGGGGTGACAACA,44.13117980957031,51.13451385498047,93.02943420410156
TAACATGGATATTGAAAAGGCGGAAAATAA,32.59088134765625,22.627193450927734,124.920166015625
TAACATGGATATTGAAAAGGGGGAAAAGTA,40.920860290527344,21.847747802734375,27.062223434448242
TAACAGTTAAAATGAAAAGGGGGAAAAGTA,37.27080535888672,24.059329986572266,10.657763481140137
TAACAGTTAAAAGAAGGAGGGTGAACAACA,35.82419204711914,55.8076286315918,7.00142240524292
TAACAGTTAAAAGAAGGAGGGTGAACCACA,35.433006286621094,48.392120361328125,7.478579998016357
TAACAGTTAACAGAAGGAGGGTGAACAACA,36.0988655090332,56.588844299316406,5.141536235809326
TAACAGTTACAAATGAAAGGGGTGACAACA,48.292118072509766,51.9277229309082,54.790374755859375
TAACCAAACTAGATAGGGGGGTGACTAAAA,54.61149978637695,22.46900749206543,81.72625732421875
TAACCATAAATGAGAAGGGGGGTTTAAGGA,39.83994674682617,47.7446174621582,69.52677917480469
TAACCTTAATAATGAAGAGGGGGAATGAAA,35.85899353027344,44.8650016784668,4.666595458984375
TAACGGTTAACAGTAGGGGGGTGACTAAAA,36.816986083984375,44.064762115478516,27.67809295654297
TAAGATATTTGGGAAAGGGGGGAATAAGAA,197.129150390625,18.117061614990234,10.229460716247559
TAAGATTACTAAAAGATGGGGATATTACAA,155.08428955078125,10.217328071594238,28.120834350585938
TAAGACATTTGGGAAAGGGGGGGAACAACA,43.249183654785156,38.87737274169922,9.060370445251465
TAAGTAATAAGTGAAGGAGAGGGATAAGAA,36.70454406738281,7.417096138000488,6.566878795623779
TAAGTAATCAGTGAAGGAGAGGGAACAACA,36.468727111816406,29.258926391601562,32.12840270996094
TAAGTTTATAGAAGGGGGGGGGGGGTAGCA,50.87470626831055,25.838642120361328,11.204558372497559
TATATAAAATTACGGAGAGGGGGTTTCTAA,30.0428409576416,13.184110641479492,117.46769714355469
TATAGATTTAAAATTAAGGAGATATATAAA,37.46426773071289,13.844225883483887,9.108379364013672
TATAGATTTAAAATTAAGGGGGAAAAGAGA,37.0275993347168,40.17850112915039,7.719648838043213
TATAGTATTTTCAGGAAAGAGATATATAAA,37.33511734008789,47.80705261230469,10.187496185302734
TATAGTATTTTCAGGAAGGGGGAAAAGAGA,36.96414566040039,43.43425750732422,5.327293872833252
TATTAAAAGACAAAAAAGGGGTACTTTACA,34.235389709472656,15.037273406982422,13.432157516479492
TATTATAAAAATGTATGAGGGGGTGATTGA,28.02381134033203,35.6553840637207,10.477777481079102
TATTCTAGCTTCAAAAGGGAGGAAAATACA,35.94685363769531,30.006484985351562,42.268890380859375
TATCAGAGCTTTAAAAGGGAGGAAAATACA,38.275482177734375,13.76662826538086,35.044273376464844
TATCAGTAAAATAACAGGGAGGTAATAATA,40.38912582397461,12.621443748474121,27.376983642578125
TATCAGTTAAAAGAAGGAGGGTTAATAATA,41.18335723876953,41.87251281738281,7.4502482414245605
TATCAGTTAAAAGAAGGAGGGTGAACCACA,35.70309829711914,40.95359802246094,6.549932956695557
TATCAGCAAAATAACAGGGAGGTAATAATA,39.25450897216797,17.820858001708984,24.99689483642578
TATCAGCATAATAACAGGGAGGAAATAATA,38.15320587158203,19.013479232788086,35.91432571411133
TATCTATATCAAAAAGGGGGGAGGTCGAGA,41.42599868774414,43.932884216308594,17.056840896606445
TACAGTAATATTGGATGGGGGGGATAGAAA,38.67405700683594,35.30258560180664,50.97714614868164
TACTTAAATTAAAAAGGAAGGAGAGTAATA,36.440025329589844,44.4103889465332,11.118197441101074
TACTTTAAAAAAAAGGGGAAGAAGTTTTAA,43.36626052856445,70.95679473876953,122.83409118652344
TACCCAAATTAGAAAGGAGGGTGAACAACT,35.22966384887695,16.671384811401367,5.966029644012451
TAGAATTTGATAAACAGGAAGTTTAATACA,36.54975128173828,12.513419151306152,13.239556312561035
TAGAATTTGATAAAGAGGAGAGAAAAGTAA,51.02613067626953,46.434757232666016,45.572078704833984
TAGAATTGCAAATAGAGAGAGTGTAATACA,40.21024703979492,29.904293060302734,8.704943656921387
TAGAATTGCAAATAGAGAGGCGAAAAGTAA,42.17874526977539,37.9713020324707,54.06312942504883
TAGAGTAACATGGGATGGGGGGGATAGAAA,38.111785888671875,12.973730087280273,50.89434814453125
TAGAGCTATGGGAAAAGGGGGATAAAAATA,42.689178466796875,26.64267349243164,17.98812484741211
TAGTAATTTATGATGAGGAGAGTATTCATA,27.223529815673828,16.23196029663086,26.81131362915039
TAGTATATAAAGAGGAAGGGGAATGACATA,36.181331634521484,30.205902099609375,7.928709983825684
TAGTTAAATTAAACAGTGGGGGGAAAAATA,37.60664367675781,32.99223709106445,6.914899826049805
TAGTTAAATTAAAGAGTGGGGGAAGGGGAA,51.88152313232422,11.056257247924805,30.138595581054688
TAGTGACTTATAGAAGGGGGGCGAAAAATA,37.672576904296875,18.345481872558594,49.21517562866211
TAGCTTAAATATGAAATAGGGGAATTAATA,39.093997955322266,33.8294677734375,3.7278029918670654
TAGGAAAATAATAGGAAAGGGGAATTATGA,47.409332275390625,98.93710327148438,67.86839294433594
TAGGAAATTAATAGGAGAGGGAAAACCGCA,36.95305633544922,52.875484466552734,4.800741672515869
TAGGATAAAAATAGGAAAGGGAAAACCACA,35.442230224609375,45.67686080932617,9.141575813293457
TAGGATAAAAATAGGAAGGAGGACTGATAA,35.292659759521484,33.72279739379883,151.83279418945312
TAGGATAAAAACATAAAGGAGGACTGAAAA,33.24787902832031,47.34237289428711,10.341849327087402
TAGGACATTTGGGAAAGGGGGGGATAAGAA,43.4213981628418,23.129207611083984,7.688575267791748
TTAAAAAAGTTAGTAGCGGGGGGTTAAATA,44.64913558959961,10.59056282043457,19.80748748779297
TTAAAAAAGTTTAACAAGAAGAGGTTAAAA,36.022212982177734,22.81719398498535,12.575994491577148
TTAAATAATCAAGTAGCGGGGGGTTAAATA,42.37023162841797,36.64802551269531,54.66349411010742
TTAAATAATCATAACAAGAAGAGGTTAAAA,35.799686431884766,40.90936279296875,12.832817077636719
TTAATAAATCTGGAAAAGGGGGGTGCAATA,35.605525970458984,32.975345611572266,10.002335548400879
TTAATAAGTCTGGAAAAGGGGGGTGTAGTA,40.14191436767578,7.8454179763793945,9.733685493469238
TTAATATAAAACAAAAAGGGAGATTTAATA,40.13344955444336,41.70044708251953,7.470160007476807
TTAATAGGTTACAAAGAGGGAGATTTAATA,200.6697998046875,34.36156463623047,22.43486213684082
TTAATAGGTCACAAGGAGGGAGATTTAATA,136.28701782226562,29.599899291992188,11.048977851867676
TTAATTAGAAAAGTAAAAAGGGTTTACATA,36.83722686767578,55.33742904663086,7.640942096710205
TTAACTACATATATGATGAGAGAGTTAATA,170.65777587890625,60.158897399902344,98.49260711669922
TTAACTACATATATGAGGAGGGATTTAATA,140.6768035888672,55.18520736694336,50.514129638671875
TTATAAAAGAAAAATAAGGGGAGGCCAAGA,34.10548400878906,33.97743606567383,43.30569839477539
TTATAAAAGCAAAATAGAGGGAAGATTTGA,36.09183883666992,26.731483459472656,38.71570587158203
TTATATATAAATATAAAGAAGAAGAGTTCA,37.63065719604492,60.57851028442383,7.760349750518799
TTATATATAAATATAAAGAAGAAGAGCAAA,36.98468780517578,65.68266296386719,11.305819511413574
TTATATCAAAATAACAGAGGGGATATTATA,36.965728759765625,29.96232032775879,54.29957962036133
TTATACCAAAATAACAGGGGGGAACCAAAA,35.967857360839844,35.3763542175293,50.4763298034668
TTATTTAGAAAAGTAAAAAGGGTTAAAATA,37.10401916503906,69.21007537841797,12.460444450378418
TTATTTAGAAAAGTAAGAAGGTTATTAATA,36.70258712768555,49.94708251953125,12.28272533416748
TTATTTTATAAATTAAAAAGGGTTAAGAAA,36.35994338989258,53.34114074707031,13.003005027770996
TTATTTTATAAATGGAAAAGGGTTAACATA,37.57931137084961,39.7771110534668,12.261754989624023
TTATTTTATACATGGAAAAGGGTTAACATA,37.865478515625,47.782108306884766,10.195364952087402
TTATTTTAGAAAGTAAAAAGGGTTAAGAAA,36.366355895996094,81.45719909667969,12.49290943145752
TTATTGAATCGGATAAAGGAGAAAAAAAAA,39.317420959472656,45.1964111328125,12.702153205871582
TTATCACAAACAAAGGAGAGGTAATACATA,41.32745361328125,37.392730712890625,67.56122589111328
TTATCACAAACAAAGGAGAGGTAGATATAA,54.90361404418945,52.46601104736328,92.43091583251953
TTACAAATAAGGAAAAAGGAATAATACATA,37.63631820678711,12.436408996582031,11.091588973999023
TTACAAATAAGGAAAAAGGAATAGATAAAA,36.3828125,38.62782287597656,131.1884765625
TTACAAATAAGGAAAAAGGGGACATCAATA,36.97132873535156,14.544867515563965,20.974140167236328
TTACATCTAAAAATAAAAAGGAAGATCATA,36.37746810913086,80.64726257324219,5.574929714202881
TTACCATGTAGATAAAAGAGGATAATCATA,43.016578674316406,12.596893310546875,2.9657068252563477
TTACCTAAAAGAAAAAAGAGGTACATCAAA,35.87523651123047,42.20375442504883,6.648118495941162
TTAGAGATAACAAAAAGGGAATTGATGACA,35.65357208251953,48.66950988769531,79.06594848632812
TTAGAGATAACAAAAAGGGAATTGTTAAAA,35.55826950073242,48.106449127197266,45.70242691040039
TTTAAAATTGTCAGGAAGGCAGATATGACA,34.82889938354492,32.282596588134766,11.585086822509766
TTTAAAATTGTGAGGAAGGGAGATTTAAAA,35.79164505004883,53.06495666503906,31.18037986755371
TTTATCGAGAAGAAAAGGGGCAAATAAATA,37.12548065185547,18.105453491210938,13.662566184997559
TTTATGGTAAAGAAAAGGGGAGTATTTAGA,36.931312561035156,11.946396827697754,39.21533203125
TTTATGGTAAAGAAAGGGGGAAAATAAATA,37.74298095703125,21.97899627685547,53.75277328491211
TTTAGTAAGAAGAAAAGGGGAACATAAATA,37.00927734375,34.28178405761719,22.840057373046875
TTTTAAAAAACGAAAAAGGGGAGGCAAAGA,36.25418472290039,38.90410614013672,40.434146881103516
TTTTAAAAAGCAAAAAAGGGGAGGCAAAGA,36.439273834228516,45.845481872558594,16.732318878173828
TTTTAAAAGTCATAAAAGGGGAGGCAAACA,37.09766387939453,20.754711151123047,40.64445495605469
TTTTCATAATCAAAAAGGGGGTTCTTTAGA,44.9508171081543,39.66871643066406,9.864676475524902
TTTTCATCAAGTATAAAGGGGGAGATATCA,59.033260345458984,58.14122772216797,28.49832534790039
TTTTGAACGATAATAAGGGGTTACAAAAAA,35.32200622558594,41.7374267578125,31.388351440429688
TTTCAAAACGAAAATAAGGAGTGAATGATA,37.00679397583008,20.60685920715332,28.458595275878906
TTTCAACAATCATAAAGGGGGTGCATAATA,35.10215759277344,46.04743957519531,18.558347702026367
TTTCACAAGTAAAATAAGGAGTGAATGATA,36.83086395263672,20.434329986572266,31.56008529663086
TTTGAATAATCAAAAATGGGGTTCTTTACA,35.18520736694336,18.0665283203125,12.750809669494629
TTCAATTAATAAGAGAGGAAGTGTACAATA,32.583431243896484,35.068233489990234,10.639039039611816
TTGATAAGTTACAAGGAGGGGGATTTAATA,83.0656509399414,9.525395393371582,21.74827766418457
TTGATTAATAAGAAAGGAGGAGTGGAAACT,36.22343444824219,36.76496505737305,82.89595794677734
TTGATTTATAAGACAAAAGGGAGATTAAAA,36.467559814453125,14.832414627075195,6.375027179718018
TTGTAATTAAATATAAGGGGGAAAGAAATA,37.06428527832031,36.36357116699219,8.426525115966797
TTGTTAAATAAACAAGGAGGAATAATTAAA,63.26054000854492,26.967802047729492,25.877159118652344
TTGTTAAATAAACAAGGAGGAATATAAACA,61.43004608154297,33.32413864135742,24.089786529541016
TTGCGAACATAAAAAAAGGGAGTAATTAAA,41.99359893798828,31.195396423339844,25.255823135375977
TTGCGAACATAAAAAAAGGGAGTATAAACA,41.174156188964844,16.157169342041016,16.980121612548828
TCAAAAAATCTGAATGAGGAGGGTTAAACA,36.82133483886719,38.915889739990234,49.87635803222656
TCAAGAAAGGAATTTGGGGGGGAATTAATA,36.267364501953125,17.30023193359375,33.51669692993164
TCATAGAAAAATAGAGGGAGAGATAAAGTA,38.34172439575195,63.46820831298828,27.601640701293945
TCAGAAATTAATAAAGGGGGGAAATTCAGA,54.58535385131836,11.324689865112305,38.64543533325195
TCAGAAATTAATAAAGGGGGGTCATTCAGA,50.68455123901367,29.093109130859375,28.436105728149414
TCAGAAATTAATTAAGGGGGGAAACTCAGA,102.62764739990234,17.388534545898438,207.17271423339844
TCAGAAATTAATTAAGGGGGGTCATTCAGA,189.055908203125,25.002445220947266,82.44019317626953
TCAGAAATGAATTAAGGGGGGAAATTCAAA,36.35182189941406,9.902769088745117,66.46986389160156
TCTAAAAATTTTAAGGGGGGAGGAGTGCAA,29.929887771606445,21.474456787109375,54.1998176574707
TCTAAAAATTTTAAGGGGGGAGGAGTGCGA,31.1552734375,7.317173480987549,54.795684814453125
TCTATAATTATGGGGAAGGGGAGAATGACA,37.16700744628906,9.940631866455078,10.587773323059082
TCTACAAATAATAGAAGGGGGGGATACTAA,36.43252944946289,41.3871955871582,12.327980995178223
TCTTAAAGTGAGAAAGAGAGGGGTTTAATA,37.365562438964844,18.72967529296875,57.2889518737793
TCTTAATCTTAGATAGAATGGGGAATTAAA,36.57972717285156,36.79816818237305,42.18947219848633
TCTTAATCTTAGATAGAAGGGGGAATTAAA,35.336326599121094,58.33953857421875,58.983646392822266
TCTTCATAATAAGAAAAAGAGAGAATTAAA,38.051910400390625,20.72906494140625,9.401893615722656
TCTTCATTATAAACAAGGAGGAGGAAAAAA,288.6380310058594,43.33875274658203,63.94276809692383
TCTCAAATTTAAATAGAGGGTAGAATATAA,36.8223991394043,56.256675720214844,16.629188537597656
TCTCCAAACCAAAAAGAGGGGGTTTTAAAA,115.00089263916016,34.469505310058594,71.82666778564453
TCCTGTAATTAAATAGAGGAGGAAACAACA,38.200103759765625,49.790245056152344,92.74492645263672
TCGAAAAATTTTAAGGGGAAGGGAATATAA,39.373741149902344,14.7947359085083,6.185338497161865
TCGAAATATAATGTAGAGAGGAGAATACAA,38.959537506103516,66.86221313476562,71.274169921875
TCGCATAATATATATAAAGGGTAAACAACA,53.18572998046875,35.685386657714844,19.283470153808594
TGAAAAAAAATAAATATGGGGGGTTAAACT,79.3839111328125,12.942540168762207,72.45038604736328
TGAAAAAAAATAAATATGGGGGGGTAAACT,67.98216247558594,13.875121116638184,53.03792190551758
TGAAAAAAAGTAAATATGGGGGATTAAATA,39.701568603515625,10.947222709655762,32.269222259521484
TGAAAAATAATAAATATGGGGGGTTAGAAA,41.20771789550781,28.52337074279785,57.5999870300293
TGAGAGATTAATAAAGGGGGGAACAATACA,36.22748565673828,19.548351287841797,83.66555786132812
TGTAAAAAATAAGGGAGAAGGGGATCCAAA,36.369049072265625,23.304582595825195,6.1053900718688965
TGTAGAAAAATAAATATGGGGGATTAAATA,40.74932098388672,12.417917251586914,22.663551330566406
TGTTAAATTAAAGAAGAAGGTGGGATGTGC,36.73014831542969,11.917459487915039,275.5238952636719
TGCATTAATAATCGAAAGGGGTGGAAAACA,36.328399658203125,30.43719482421875,77.94637298583984
TGCGTAACAATAAGAGGGGGGTGATAATTA,40.768218994140625,12.235284805297852,49.5548095703125
TGGAAAATTTTTAAAGGGAGATGAAAATTA,33.978355407714844,30.322633743286133,43.0128288269043
TGGAAAATTTTTAAAGGGAGATGAAATTAA,35.298973083496094,29.831815719604492,92.9342269897461
CAAAATAAAAGTAAAGAGGGGGAAAAATTA,260.10369873046875,9.484232902526855,24.222640991210938
CAAAATAAAAGTAAAGAGGGGGAAAATTAA,260.150146484375,48.008087158203125,16.744178771972656
CAAATTATAAGATAGGAGGGGTGTCAATAA,149.3291778564453,23.207700729370117,61.5048713684082
CAAATTTCTAAAAGAAGGGGCGGGAAGACA,38.59387969970703,50.91691589355469,37.83241653442383
CAAATTGATTTTAAAAAAGGCTAAAGACAA,51.52506637573242,31.44479751586914,7.1038384437561035
CAAACAAATGTATAGAAGGGGAAAAGTTCA,46.45051956176758,11.444342613220215,21.146223068237305
CAATAAAAAAATTTGAAGGGGATAAAGTGA,142.3345947265625,16.289993286132812,30.33974266052246
CAATTAATTGATGAAGAGGGATGAAGGAAA,32.2476806640625,61.49321365356445,25.58561134338379
CATAATTTTTTTTAAAGGGGAAATTTGATA,40.580055236816406,28.166179656982422,18.292760848999023
CACATAAAAAATAAGGGAAGGAAGAAAACA,36.116371154785156,40.57817077636719,4.599570274353027
CACTAAAAAATTGAGGGAGGGTAATTAATA,202.0850067138672,10.031900405883789,72.37255859375
CACTAAAAAACTGAGGGAGGGTTATTAATA,36.129119873046875,11.3069486618042,45.3747673034668
CACTAATAGAGGAGAAAGGGGGGAATTAGA,37.57970428466797,18.537561416625977,8.944321632385254
CACGAAAGTAGAAAAGAGGGGGTAATAATA,42.00579071044922,17.81947898864746,75.67581176757812
CACGTAAATATATAAGGGGGGGTAATAATA,184.6813201904297,23.131141662597656,80.83226776123047
CAGAAAAACAACAAGTAGGGGAGAAAAATA,36.33962631225586,44.26166534423828,11.351399421691895
CAGAAATACAACAAGTAGGGGAGAAAGATA,36.20077133178711,35.29837417602539,12.644316673278809
CAGAAACATAATTATAAAGGGGGGATAAAA,33.0694580078125,10.115913391113281,18.710887908935547
CAGCAAAACAGATATAAAGGGGGGATAAAA,193.72962951660156,12.449409484863281,42.710716247558594
CAGCAAAACAGATAGAAAGGGAAATTACAA,37.54119873046875,9.730178833007812,10.84125804901123
CAGGAAAATAATAGGAAAGGGGAAATATGA,76.27818298339844,8.241422653198242,74.57275390625
CTAATATAATTGAGAAAGGGTAGGGGAATA,32.81740951538086,15.826393127441406,5.255957126617432
CTAATATAATTGAGAAGGGAGATAGAGAAA,37.02370071411133,61.821990966796875,29.901660919189453
CTAACAAAAATAATAAAGGAGATAGAGAAA,37.405303955078125,16.553152084350586,21.134008407592773
CTAACAAAAATAATAAAGGGTAGGGGAATA,31.78606414794922,29.115020751953125,5.032785892486572
CTAACAAAACCAAAAAAAGGGTAAATACAA,34.827842712402344,22.877723693847656,13.522231101989746
CTACCTAATAATAAAGGGAGGGGGAATTAA,44.73414611816406,37.085269927978516,28.707977294921875
CTTTTAATTTAAAGGGAAGGGGGGATTAAA,32.00638198852539,17.538860321044922,4.126190662384033
CTTTTAACTTAAAGGGAAGGGGGGATTAAA,42.76935958862305,40.7051887512207,4.958093643188477
CTTTTTCTAATAAGGGGGCGAGTATTGACA,43.22386169433594,20.665618896484375,62.08888626098633
CTTGAGTAAAGATAAAAGGGTGAAAAAATA,36.94130325317383,39.27375030517578,67.77899169921875
CTGTCATATGATAATAGAGGGTGATAATTA,37.920204162597656,44.2861213684082,15.904072761535645
CTGGAAAAAAATTAAAAAAGGAGGAAATAA,35.63249588012695,79.59538269042969,7.599313259124756
CCTGATCTTAAAGAAAGGGGGGGAACTAAA,45.39509963989258,39.49936294555664,16.212434768676758
CGATAAAAAAGACAAAAGGAGTGAAGGAAA,36.88910675048828,19.10357666015625,258.2464599609375
CGAGAAAAAAATTTGAAGGGGGGGATAGCA,201.29249572753906,21.606298446655273,589.1890258789062
CGGAAACATAATTAGAAAGGAAAATTACAA,40.7384147644043,34.03643035888672,199.16885375976562
CGGATGATTAATGAAGAGGGGGGATTGTTA,30.320234298706055,28.4626522064209,260.86663818359375
CGGCAAAAATTGAATAAAGGGGGGATAAAA,37.78531265258789,9.549508094787598,78.31834411621094
GAAATTCAAAATAAAAAGAGTGAAGTTAGA,36.20460510253906,49.54967498779297,7.659290790557861
GAAACATGTAAAAAGAGGGGATAACTTAAT,260.13177490234375,11.489657402038574,39.56714630126953
GAAACTATAAAATAAGAGCGAGTAATGAAA,140.72506713867188,33.58905792236328,59.53883361816406
GAAACTATAAAATAAGAGGGGGGTTTTGTA,315.668212890625,39.02032470703125,162.0243682861328
GAACGATAAGTAGAAAGGGGAGTAATGAAA,37.8570671081543,22.272796630859375,26.192474365234375
GAACGATAAGTAGAAAGGGGGGGTTTTGTA,37.24718475341797,47.328956604003906,11.270243644714355
GAACGATTAGAAAGAAAGGGTTGATAACAA,36.47890090942383,64.06578063964844,25.461666107177734
GATAATAAAGTAGAAAGGGGAGTAATGAAA,40.56011199951172,34.018978118896484,28.560039520263672
GATAATATAGAAAGAAAGGGTTGATAACAA,36.263023376464844,63.39826965332031,9.061078071594238
GATAATTTAGAAAGCGAGGGTTGATAAGCA,35.60992431640625,26.928569793701172,31.227249145507812
GATAACACGGAAAGAGAGGGGGGAATAAGA,38.111454010009766,11.928996086120605,43.01651382446289
GATTAATAGTAAGGAGGGGGGAATAGAACA,188.3220672607422,31.087671279907227,29.415061950683594
GATTAGAATAATAAAAGGGAGGAAAGGTAA,36.465553283691406,29.695648193359375,23.754045486450195
GACAAATAGTAAGAAGGGGGGATAAATACA,111.62284088134766,21.185775756835938,33.79219436645508
GACAAATAGTAAGGCGGGGGGAATAGAACA,61.705413818359375,27.018310546875,27.267915725708008
GACATTAATTCAGAAGGGGGGATAAATACA,40.0079460144043,12.193009376525879,48.921627044677734
GACATTAATTCAGGAGGGGGGAATAGAACA,27.535539627075195,25.292285919189453,38.018035888671875
GAGAAATACAACAATAGGGGAGGTCTAAAA,47.496070861816406,45.1026611328125,41.97185134887695
GAGAATAAAAAGACAGGGGATGGAAATACA,37.45818328857422,18.918304443359375,6.098210334777832
GAGAATAAGATGACAGGGGGGGGCAGAAAA,35.315025329589844,41.197261810302734,47.32558822631836
GAGATGTCTATAGAAAGGGGGGGCAGAAAA,36.82401657104492,51.66057586669922,8.482176780700684
GAGTATAATTAAGAAAGGGGATGGATACCA,279.2782897949219,40.38239288330078,118.30853271484375
GTAAAATTACCAAGAAAAGGAGGACTAAAA,35.124732971191406,28.614709854125977,4.948914051055908
GTAACTATAAAAGGAGAGGGGATGGTAACA,165.163818359375,32.551918029785156,85.01695251464844
GTAACTATAAATAATAGGGGGGGGACAATA,124.6827392578125,42.864192962646484,58.59733963012695
GTAACTATAAATAATAGGGGGGGGTATTTA,63.928306579589844,46.32576370239258,44.2436408996582
GTAAGAGAAATTAAAGAGGGGGTGTATTGA,141.99859619140625,10.829773902893066,67.46427917480469
GTAAGAGAATTAAAAGAGGGGGTGACAATA,183.5262451171875,11.690144538879395,88.08198547363281
GTATAAAAGGAATAGAAGGTGGGAGATACA,37.16130447387695,34.27312469482422,13.045671463012695
GTATAAATTATTATAAGGGGTGGTGTCATA,33.197731018066406,44.212406158447266,5.263172626495361
GTATTTAAGAAAATAAGGGGAGAGAAGTGA,33.84400939941406,32.23567199707031,64.61331939697266
GTATTTAAGAAACTAAAGGGAGTTATTATA,34.58665466308594,35.13703155517578,36.415523529052734
GTATTTAAGAAACTAAGGGGAGTTATTATA,35.38797378540039,28.08138656616211,43.92423629760742
GTACATAAACTAGAAAAGGAGGGATGTAAA,37.05122375488281,25.70223617553711,202.2368927001953
GTTAAAAATAGTAAAAGGGGGTGTAGGCCA,38.12847137451172,12.693380355834961,8.47037124633789
GTTATTTCATTAATTAGGGGGGAGATTTAA,89.87271881103516,28.97041130065918,55.69272232055664
GTTACAAATTAGAATAAGGGATAAAATAAA,40.19198989868164,11.155817031860352,38.254940032958984
GTTTAAAAAGAAAATAAGAGGAGGGAAAGA,36.860023498535156,48.77259826660156,36.77789306640625
GTTTAAAAAGAAAAGAAAAGGGCTATAATA,36.602943420410156,38.067901611328125,9.769628524780273
GTTTTATATAATGAAAATGGGAGAATGACA,35.98865509033203,57.479454040527344,4.773582458496094
GTTTTTAAGAGAATGAAGGGAGATATTATA,34.8369255065918,38.430206298828125,49.3964958190918
GTTTCAAAATTGAAAAAGGAGGGTCTCAAA,31.591501235961914,48.592559814453125,60.21834945678711
GTTGATAAAAGAATGAGGGAGGGATTTTAA,35.42536926269531,39.93226623535156,50.28742599487305
GTGAAAAGTATTAATAGAGGGGGAATAACA,39.933860778808594,12.709131240844727,4.419106960296631
GTGAAAAGTATTAATAGAGGGGGAGATAGA,41.12757110595703,36.230403900146484,7.8941450119018555
GTGATCTAATTAAAAGGAGGGCAAATAACA,36.315467834472656,10.432877540588379,12.88634204864502
GTGATCTAATTAAAAGGAGGGCAAGTTAGA,33.191131591796875,16.083717346191406,13.241557121276855
GTGTAAAAATAAGAAAGGGGAGTAAAGAGA,85.50499725341797,33.2468376159668,32.011634826660156
GTGTAAGAATAAGAAAGGGGAGTAAAGATA,43.82878875732422,29.355796813964844,15.446270942687988
GCATAAAAGAGAAAGGAGGAGGGTATGAGA,117.21770477294922,18.47229766845703,236.70265197753906
GCATAAAAGAGAAAGGAGGAGGGCTTGATA,113.63578033447266,28.74167823791504,244.95065307617188
GCATCTTTGAAAAAAAGGGGGGTAATAACA,41.558074951171875,49.932701110839844,40.76509475708008
GCTAAACAATTAAGAAAGAGAGGGAGAAAA,82.86132049560547,61.00037384033203,7.21198844909668
GCTTGTAAATATAAGAGGAAGGGAATTAAA,120.04563903808594,59.0100212097168,10.979268074035645
GCTCTTTACGAAAAAAAGGGGAGAAATAAA,41.576316833496094,62.55417251586914,10.78293228149414
GCGAAAATTAAGAAAGGAGGGATAATAACA,37.27771759033203,19.156692504882812,40.28778839111328
GCGAAAATTAAGAAAGGAGGGTTAAAAAAA,37.042083740234375,37.92771911621094,17.909862518310547
GGAAATAAAGAAAAAAGGGGTGAGTATTAC,34.38154602050781,40.565284729003906,53.29344940185547
GGAAATAAAGAAAAAGAGGGGGGGCTAAAA,45.5917854309082,44.453651428222656,81.32295227050781
GGAAGTATAGAATAAAGGGGTGAGTATTAA,34.27220916748047,32.82461929321289,71.35365295410156
GGAAGTATAGAATAAGAGGGGGGGCTAAAA,34.07459259033203,12.393927574157715,94.30706787109375
GGATAAAGCATATAAAAAGGGTAAAACAAA,39.765830993652344,8.331075668334961,79.32742309570312
GGATAACAAATATAAAGGGGGTAAAACAAA,39.24728775024414,38.726593017578125,58.483428955078125
GGTAAAACATAAAATAGAGGGGGGTTAAAA,37.86954116821289,41.3645133972168,36.33552169799805
GGTAATGTAGGTTAAGAGGGGGGATAAATA,37.789405822753906,41.60423278808594,9.979832649230957
GGTAACCACAAATAAAAGGGGAAGATAATA,40.250064849853516,38.935569763183594,65.76800537109375
GGTAGAGATAAAATGAGAGGGGGGTAAACA,36.054115295410156,17.53064727783203,4.61228609085083
GGCGTAAAAGGTAAAAGGGGAGTGATAAAA,36.523834228515625,53.20018005371094,60.3256950378418
